,Area,equivalent_diameter,orientation,MajorAxisLength,MinorAxisLength,Perimeter,MinIntensity,MeanIntensity,MaxIntensity
1,103.75,11.493415626621754,19.64354714008563,17.35850597192143,9.586266009232943,59.09188309203679,158,208.9975903614458,230
2,46.75,7.715176518808164,3.354049523809902,12.348230578166318,5.244353422964751,29.192388155425117,158,210.28342245989305,227
3,55.25,8.387281135541944,-73.48216359187616,10.121081599460851,7.894459828236795,32.89949493661167,159,208.3891402714932,232
4,3.0,1.9544100476116797,-0.0,3.415650255319866,1.0,6.0,159,199.33333333333334,225
5,131.0,12.914889870235298,1.8240662897335211,22.44672067424902,8.987303128153345,77.57411613907041,158,206.74618320610688,230
6,81.75,10.202319970580199,-84.10650408158406,11.022904652791176,9.684967070932695,34.02081528017131,158,211.88073394495413,230
7,12.0,3.9088200952233594,10.6560667331557,5.4567465237539405,3.0765625005749095,12.63908729652601,164,207.25,228
8,53.0,8.214724333230155,-5.328092433956593,9.163538965217667,8.205660510872626,29.606601717798213,161,209.05188679245282,233
9,49.5,7.938851142601841,16.785013931418575,10.74650789745022,6.113203407300546,27.65685424949238,158,207.34848484848484,226
10,307.0,19.77080019204319,6.836944908653998,28.382700255283517,15.403076298392302,98.92640687119285,158,207.31514657980455,234
11,369.75,21.697472702271718,33.73536440271712,36.15345065900686,19.42933277703662,145.20458146424488,158,207.83705206220418,231
12,55.25,8.387281135541944,3.5219632237039296,16.205095870872853,4.64973187734982,35.36396103067893,159,206.88235294117646,224
13,3.75,2.1850968611841584,45.00001609038752,2.3094010767585034,2.0132891827388666,5.707106781186548,162,202.4,229
14,21.0,5.170882945826411,32.09340157495851,6.931024319597328,4.513461279345672,20.071067811865476,165,204.01190476190476,230
15,38.25,6.978639737521917,31.56672540857099,8.090688887036194,6.371742850889645,23.899494936611667,160,206.58169934640523,225
16,355.75,21.282738734465877,3.0653775106980317,30.723866207305385,17.995209188403827,126.79036790187178,158,209.8910751932537,233
17,17.25,4.686510657907603,-4.312817004513984,5.972040793575449,4.213122089018592,16.363961030678926,158,206.47826086956522,233
18,74.0,9.706684619910241,-72.75603718396039,12.705954149331156,7.646417171062909,34.435028842544405,158,209.125,229
19,43.0,7.399277020331919,-56.16298478421552,9.40119669108737,6.0788384030044424,25.4350288425444,159,208.25,226
20,89.5,10.674967880691588,37.195358317494154,14.436318542127951,8.163098829315258,38.04163056034262,158,205.88826815642457,228
21,73.25,9.657370069115643,-7.869975115909109,11.062690739338201,9.116430660975649,35.435028842544405,158,207.87372013651878,230
22,326.0,20.37341629633241,-34.48455965919977,27.851375319092618,16.670953534661198,103.5477272147525,158,206.88420245398774,231
23,80.25,10.108287365572707,-59.30465149379252,13.37116157122953,7.901302570510972,35.2634559672906,158,207.9595015576324,233
24,30.75,6.257165172872317,76.22121049843133,6.924001338528712,5.738067108019853,19.606601717798213,159,205.10569105691056,228
25,104.5,11.534883286137944,35.39362441164841,18.642662496984144,8.640516475549799,51.920310216782966,158,205.29665071770336,224
26,211.75,16.419758633965078,-45.83313050493563,23.446465223753084,14.495266052108015,75.74873734152916,158,208.15466351829988,229
27,147.25,13.692498784453214,-8.08898800959398,17.7400532199598,10.896848576930035,52.38477631085023,158,207.55687606112053,234
28,4.5,2.393653682408596,87.40001833189815,3.708360954253563,1.519798482703983,6.810660171779822,163,206.27777777777777,225
29,249.75,17.83231830967603,-30.478281428568536,19.952331072634966,16.820483110731956,80.5477272147525,158,205.56056056056056,227
30,86.25,10.479356408358663,70.55185877245714,15.220444069878262,7.598109542583975,39.95279579551077,158,206.44347826086957,225
31,39.75,7.1141599576634995,4.440178164750045,9.705043700568087,5.815227718477044,27.14213562373095,158,205.66037735849056,226
32,459.25,24.18129981865374,-30.006380131488857,36.31617589609514,19.49711233949896,120.79036790187179,158,202.70168753402285,225
33,5.5,2.6462837142006137,77.44261024762024,3.279983288401781,2.081494347509531,7.414213562373095,161,194.54545454545453,220
34,178.25,15.065024024177417,-76.83261528368305,20.705244157149416,12.64365337596698,80.94112549695429,158,203.70967741935485,226
35,15.5,4.442433223290478,-26.48555518308302,6.371784866986291,3.1864932924305784,14.949747468305834,162,203.5,226
36,10.5,3.656366395715726,33.53111911891226,7.5369464540946085,2.235939804700076,15.32842712474619,161,200.61904761904762,229
37,8.75,3.3377905890622728,-57.34499217382712,5.171939568465247,2.229400092763274,11.242640687119284,161,196.68571428571428,220
38,47.75,7.797255174810172,36.063759935399986,8.531865670124539,7.447876036333811,25.849242404917497,158,205.0523560209424,222
39,211.25,16.40036139313104,-78.16231083276524,22.173142328972617,14.304671491882017,71.2842712474619,159,206.11597633136094,223
40,278.5,18.83075179616424,-19.03204036403125,27.207511580335662,14.674868544224795,88.42640687119284,158,205.16696588868942,227
41,30.0,6.180387232371033,-74.73128174656584,6.943139092864615,5.563875306476955,19.31370849898476,163,204.64166666666668,225
42,69.5,9.40692023773423,-84.63689796454702,12.013598540682395,7.7246749743769385,32.94974746830583,163,204.0503597122302,228
43,113.25,12.008096370418468,19.97278341669232,14.136050114638909,10.343756037124939,41.09188309203678,158,206.01103752759383,226
44,10.0,3.5682482323055424,4.451982570556327,5.001977654726825,2.6077230569240912,11.414213562373096,165,197.025,221
45,88.5,10.61516366850092,-84.25183900762626,12.352413417591148,9.52627458152556,35.89949493661167,160,208.03389830508473,228
46,54.0,8.291859587312052,73.86219319677853,9.64893735938661,7.318548996361015,27.77817459305202,158,202.14814814814815,217
47,155.5,14.070847494245605,58.09779956405878,17.09921300020125,12.063253084338683,50.384776310850235,162,206.95498392282957,227
48,12.0,3.9088200952233594,15.725985965430008,6.277420732560663,2.5611065429215047,13.828427124746192,164,199.64583333333334,223
49,38.0,6.955796338302048,53.80797163037181,9.19446198863306,5.38184843360499,23.31370849898476,159,201.5,226
50,53.0,8.214724333230155,67.39416648991222,8.989020141052888,7.773878566138094,27.72792206135786,159,204.83490566037736,224
51,72.75,9.624353322664494,-54.42454537648828,15.669318694401666,6.8975721067460105,43.24568901432422,159,203.82817869415808,223
52,58.5,8.63044108762739,81.82696792733611,14.240580742518905,6.644192994067802,45.97056274847714,164,203.76923076923077,222
53,40.75,7.203090409536582,-65.92916318883702,10.217404116270318,5.241720192813713,25.4350288425444,162,201.83435582822085,224
54,332.5,20.575523046193542,56.146051191089036,22.119422886043505,19.542501477252603,72.81980515339464,158,201.07142857142858,218
55,58.75,8.6488625410045,-40.69716198553277,9.609269348778657,7.945207083650422,28.384776310850235,158,205.34893617021277,228
56,57.75,8.574939283076915,81.12018756294735,9.80623308322714,7.797574459280914,29.142135623730947,158,203.9004329004329,223
57,129.0,12.815923738491737,71.66880462016172,18.257941544153024,9.261492978996467,50.798989873223334,158,201.96511627906978,222
58,96.25,11.070199012698888,89.640601358824,15.623690333152348,8.703710471304595,42.14213562373095,159,200.72987012987014,220
59,6.5,2.876813695875796,-8.881894655050408,4.584377401616469,1.8560771269229894,9.414213562373096,169,191.84615384615384,223
60,61.25,8.83096382707056,69.02690726060413,10.42346286752005,7.851797913270466,34.26345596729059,159,202.6530612244898,228
61,441.75,23.71610357724806,-30.313623493956,40.65287032494612,17.07043939451797,167.90306627407986,158,203.23033389926428,233
62,603.0,27.70854462932514,-27.938323963948232,30.792654680816227,28.29285926937163,166.175144212722,158,199.59121061359866,227
63,105.75,11.603666741842574,-63.14414746700673,13.119827389028128,10.438073317988312,39.84924240491749,159,200.73995271867614,220
64,4.0,2.256758334191025,-90.00003218077504,3.1622776601683795,1.5612494995995996,6.414213562373096,174,204.75,221
65,104.5,11.534883286137944,-65.643837374197,13.290797452588965,10.912614625428134,42.97056274847714,158,200.17703349282297,219
66,67.5,9.27058084855655,79.22776293925676,12.721793119618678,7.208479735420727,33.31370849898476,158,200.94444444444446,219
67,11.0,3.742410318509555,61.55478552093571,4.121269956803477,3.4977338674650307,11.535533905932738,168,202.45454545454547,224
68,32.5,6.432750982580687,-89.8969808125947,8.817166360710381,4.890765707113434,22.363961030678926,158,199.73846153846154,219
69,322.75,20.27160731326635,-43.993217304005356,26.01856538985586,18.529555471902846,105.97970773009195,158,203.32687838884587,225
70,8.0,3.1915382432114616,36.67345135477516,3.5905986127281606,2.871292453282077,9.414213562373096,160,197.0625,218
71,348.0,21.049640414216977,84.74950376788995,28.148843724682127,16.127334569151365,84.64823227814082,158,204.20402298850576,227
72,17.25,4.686510657907603,-80.96065440942208,6.081886170438479,4.183507369870038,16.65685424949238,161,204.40579710144928,219
73,5.5,2.6462837142006137,-90.00003218077504,3.5161962919661303,2.05703790890632,7.82842712474619,164,200.63636363636363,222
74,3.0,1.9544100476116797,-90.00003218077504,2.23606797749979,1.632993161855452,5.0,179,197.5,209
75,7.75,3.141274657157109,16.18930858942445,5.2320729937060495,1.9152222012892437,10.828427124746188,161,197.0,217
76,87.5,10.55502061411188,78.40259117350665,14.461142012264451,7.827618833277415,37.02081528017131,158,203.07142857142858,224
77,87.75,10.57008845991889,-72.87950387137863,11.106379155041058,10.436454073541853,35.26345596729059,158,203.5982905982906,224
78,5.0,2.5231325220201604,-45.00001609038752,2.8600699292150185,2.2360679774997894,7.121320343559642,161,191.6,214
79,629.75,28.316472296120658,-26.966718598665178,44.84539243428125,21.02613177982142,156.98885271170678,158,202.8225486304089,222
80,73.0,9.640875829802336,-16.131764751264942,11.365964191556177,8.444215278883387,36.09188309203678,158,198.96917808219177,220
81,85.75,10.448937312523231,-85.14948866966422,12.108888806905993,9.233635782068273,34.72792206135786,158,203.0058309037901,222
82,120.75,12.399341717477219,-23.189759121433568,13.450578248781204,12.143572813203576,45.849242404917504,161,201.1055900621118,220
83,92.0,10.823032759612019,68.28968081636003,11.553648822894681,10.35710852443215,35.60660171779821,161,201.29347826086956,224
84,24.75,5.613615477764332,7.363420932763259,6.734875956299041,4.826981046857008,18.363961030678926,158,201.96969696969697,224
85,38.25,6.978639737521917,72.32414329074223,7.676640981732564,6.564123941198008,22.77817459305202,161,202.7843137254902,224
86,131.75,12.951807210534664,24.0592286578963,15.042974382936652,11.673942151567804,48.67766952966369,158,199.81214421252372,222
87,7.75,3.141274657157109,-39.146795632909686,3.3998674892844876,2.9543361162488897,9.121320343559642,160,198.80645161290323,214
88,294.75,19.37233480535295,-18.465312224166126,25.552007038346776,17.531707894788916,125.25788232314397,158,200.23918575063612,221
89,83.0,10.280023453913834,-28.16276868394322,11.606215719853354,9.643757764510939,39.45279579551077,158,200.56927710843374,220
90,36.0,6.770275002573076,83.6312497483209,7.863503953822674,6.115038890305079,22.65685424949238,169,202.25,216
91,163.25,14.417224270920368,83.99990771084788,16.72215427993845,13.58876248216147,56.62741699796952,158,202.96630934150076,222
92,60.75,8.79484521425256,85.25606267234987,10.247948207564825,7.6116691804124414,29.02081528017131,160,200.36625514403292,219
93,130.5,12.890219570974683,-84.66347781194878,16.2405669195213,10.605041174061533,45.384776310850235,160,204.33908045977012,221
94,13.5,4.145929793656026,-64.67784038641452,5.567945831451689,3.3109385260217685,13.65685424949238,159,196.59259259259258,217
95,37.0,6.863662517577698,89.77055936883006,9.966585227012121,5.00103115236433,24.77817459305202,159,200.8581081081081,221
96,175.25,14.93771167933152,80.50037503615971,18.758452918683474,12.69006460772105,64.16295090390226,158,200.13409415121257,223
97,63.75,9.009385160867895,21.691685547360915,12.55847443340907,6.589229513975101,31.313708498984756,162,199.98039215686273,219
98,54.75,8.349243383340204,13.113968025302862,9.518793699996195,7.553059232861738,27.77817459305202,158,200.00913242009133,217
99,166.5,14.560026929865362,-88.44995766812563,17.681793315380403,13.349318204492798,60.87005768508881,158,199.7867867867868,217
100,45.0,7.569397566060481,84.48393942842061,8.569247607246206,6.740734501413379,23.899494936611664,159,200.82777777777778,220
101,207.0,16.23454913941803,55.857039230727565,18.031460443259675,15.014595218004741,62.45584412271572,158,202.32850241545893,221
102,241.25,17.52623862006215,-7.3753739140861985,34.5347211623545,12.200603821651798,104.34062043356595,158,199.2860103626943,218
103,29.5,6.128667601500942,38.556602733121174,6.993018350310703,5.435899322824141,19.656854249492383,158,195.3135593220339,215
104,26.5,5.808687281605183,-9.560010219165262,6.331521531351913,5.417964685008772,18.535533905932738,160,199.95283018867926,214
105,20.75,5.140011726956917,-11.229225203340393,6.1613569026480075,4.344531958255985,16.121320343559642,160,199.4578313253012,212
106,66.0,9.166995688475081,67.59565856484262,11.005539809743205,7.924263793778212,31.313708498984756,158,202.11742424242425,223
107,102.75,11.437891554894984,11.086775716708845,13.917470565249268,9.645174012368999,41.384776310850235,158,200.12895377128953,223
108,35.25,6.699380116989518,35.44975297130586,7.844799060701631,5.962046171828826,22.31370849898476,163,200.41843971631207,223
109,55.0,8.368283871884005,-80.14585833020702,12.416387054927297,5.790747273870371,30.899494936611664,160,198.50454545454545,219
110,127.75,12.753679933255228,-37.87407327606403,19.46289486863347,9.181529041261188,54.04163056034261,159,202.17221135029354,224
111,53.25,8.234075889688375,36.38227313983557,10.602884752880737,7.022953461270116,29.8492424049175,158,201.5399061032864,219
112,149.0,13.773623058786647,29.329360651518233,14.642390600455201,13.319101261040812,53.62741699796952,158,200.05369127516778,218
113,30.5,6.231677632421503,-30.30785677906061,11.098442135526577,3.570319819790806,24.142135623730947,158,202.5983606557377,221
114,71.0,9.507891862878783,-72.49756962441047,10.775834316675088,8.569390856277316,31.4350288425444,160,200.07394366197184,217
115,150.75,13.85427231466257,-41.94771375967624,19.55806847103333,11.750168239888943,74.198484809835,158,200.72968490878938,221
116,184.0,15.306079714651624,-25.763941624610894,26.536120320042013,11.870287696006452,72.95889244992065,158,200.96059782608697,224
117,9.75,3.523362819972964,68.84490977803925,4.319444311265196,2.94479021358679,10.82842712474619,160,195.74358974358975,218
118,79.0,10.02925341359355,-61.98485787023787,13.62382060120401,7.962869768703763,39.09188309203679,161,201.64240506329114,227
119,28.5,6.023896332520351,-53.5884648433753,7.153354835332147,5.341409309514891,21.071067811865476,159,196.59649122807016,219
120,221.75,16.80300178673508,-40.480680725985216,20.456838171540344,14.972494074991664,68.11269837220809,158,204.22209695603158,222
121,4.5,2.393653682408596,-90.00003218077504,3.415650255319866,1.632993161855452,7.0,164,199.88888888888889,214
122,12.75,4.029119531035698,1.7479923297260198,4.708176320047535,3.4899663946253567,12.535533905932738,161,198.50980392156862,222
123,70.25,9.45754080179648,-2.35768324408427,11.968860846885624,7.700921354683674,34.14213562373095,159,200.58718861209965,216
124,26.5,5.808687281605183,63.52634930654872,7.501020544787816,4.55779493082518,18.899494936611664,160,197.24528301886792,215
125,174.75,14.916387312029334,56.06932272506123,16.57593129047752,14.793623433610282,75.50914498161481,158,199.58512160228898,224
126,102.25,11.410028196686037,18.751512876944908,14.153297805283614,9.427560312827598,39.89949493661167,158,203.68704156479217,224
127,383.0,22.082815618339236,-46.08914426677011,32.41250365538785,17.309693839689576,113.68986283848345,158,202.5874673629243,231
128,9.0,3.385137501286538,-58.094329856996936,5.686171291701108,2.58870752668549,12.82842712474619,165,199.19444444444446,218
129,134.5,13.086279790944385,6.938247712266886,16.88504839397001,10.711519853525553,47.798989873223334,159,199.7546468401487,224
130,45.25,7.590394548326596,-31.76341392693697,8.489936848766442,7.066872778801598,25.192388155425117,158,199.707182320442,216
131,79.5,10.060941497019325,-84.25015216828588,12.768545757599105,8.506004906085742,36.14213562373095,158,200.8679245283019,218
132,266.75,18.429233531487537,-26.90352258998954,26.805392869643235,14.025757043093948,89.18376618407356,158,201.70759137769448,222
133,97.75,11.156126814350138,-20.237463646410987,13.028642266488745,9.816929335925048,38.55634918610404,159,201.36572890025576,220
134,14.75,4.3336224206596095,-44.26349844819981,5.533502573368745,3.389364197193009,13.36396103067893,162,199.11864406779662,222
135,21.0,5.170882945826411,55.16082252525449,7.620039698527778,3.7230765299327357,17.899494936611667,163,197.54761904761904,218
136,8.75,3.3377905890622728,-63.82241947720991,3.8506331747808304,2.9731402470767345,9.82842712474619,158,206.4,229
137,152.75,13.945871807036522,-38.65732819200786,17.858255313799088,12.063500279833764,70.4558441227157,158,203.39443535188215,224
138,47.75,7.797255174810172,-37.46574545280216,9.60552533954095,6.586428603304366,26.48528137423857,158,199.5235602094241,214
139,143.25,13.505242122350568,25.73161045672006,21.096098997136668,10.131870413205883,64.8700576850888,158,201.23211169284468,224
140,136.0,13.159049284959082,-10.586706440897203,15.724680027533392,11.342540181451932,49.74873734152916,158,199.0183823529412,219
141,313.25,19.971036212182124,-2.5480019752425984,22.680943772296438,19.519657390498427,92.89087296526012,158,201.853950518755,222
142,36.25,6.793742230659745,32.6741751600165,8.205847159703742,6.187149130691995,23.606601717798213,161,202.06206896551726,222
143,137.75,13.243441670776848,51.63934718750243,14.584209062200298,12.508876385094554,44.33452377915607,158,203.5716878402904,219
144,224.25,16.89745448009434,-41.98359770563251,20.030019760239014,15.558403338122778,73.57716446627535,158,201.51282051282053,225
145,46.0,7.653039857325812,-86.05942878669391,9.646915978052549,6.356074064925744,27.31370849898476,159,201.47826086956522,225
146,159.5,14.250673927406327,-85.0089255509261,15.721225841310632,13.210007331068361,52.97056274847714,159,202.2319749216301,222
147,17.0,4.652426491681278,-83.0645974544673,6.6488790908953765,3.4546020533145336,15.949747468305832,158,198.86764705882354,222
148,37.5,6.90988298942671,20.610310400364934,9.098245368301761,5.462622294217919,23.485281374238568,159,201.75333333333333,220
149,25.5,5.698035485213008,-15.781294084793,9.043849305137948,3.8532311485570614,20.949747468305834,159,199.2058823529412,222
150,50.5,8.018640596081465,-85.70750168020942,10.197029483098914,6.534676235648883,26.77817459305202,160,199.83168316831683,219
151,52.75,8.19532708223289,-12.579783510085596,8.609868921386518,7.874080995186273,26.020815280171313,159,202.33175355450237,225
152,274.0,18.677998695187732,-44.81901986988699,21.41469888048029,16.788870825831363,71.66904755831213,159,198.67518248175182,225
153,255.5,18.03642713177513,-58.58066780064317,20.58029342603915,19.476482200031807,76.59797974644667,158,199.4628180039139,228
154,236.75,17.362012044001403,-10.83371332568857,19.776603149709718,16.65040982129383,79.23401871576773,158,203.53959873284055,223
155,16.75,4.61809077155419,-69.87068499351737,6.459661660263862,3.372423319383236,15.071067811865476,162,202.28358208955223,231
156,29.0,6.076507779746499,56.95477246579246,7.541500583966758,4.939529899145246,19.60660171779821,161,200.27586206896552,221
157,273.75,18.669475765839028,-63.74546336668049,23.00525536446022,17.94393715455132,100.59797974644667,158,205.71506849315068,233
158,201.75,16.02735405955453,-77.89412008413947,19.338009397763237,13.823082529951865,56.87005768508881,161,205.20941759603468,226
159,37.5,6.90988298942671,39.049867693347466,8.28740899183895,6.066498805533757,23.4350288425444,158,201.77333333333334,227
160,75.5,9.804569629897316,87.73556790195529,14.12787441225905,7.808782670034485,42.55634918610405,160,205.0662251655629,230
161,23.75,5.499039842323396,-88.88932318173897,11.756105515540828,2.625481304930542,23.82842712474619,163,203.3684210526316,217
162,100.5,11.311965976163641,-9.17105152295398,14.957608465850983,10.193149889340793,51.26345596729059,158,200.56716417910448,222
163,180.75,15.170301503624794,40.98733855429379,15.90357618843356,14.647337947845774,53.577164466275356,159,204.38035961272476,220
164,235.25,17.30692355385402,-46.91984806526564,21.11023970971276,15.903065701416416,84.73401871576775,158,203.94261424017003,221
165,63.25,8.97398468933946,-64.09353770199063,10.861578585256085,7.6007497298285065,30.60660171779821,159,205.68774703557312,223
166,99.25,11.24139781410501,82.24676081474631,14.70749959732878,8.745873208894018,38.8492424049175,160,199.92695214105794,221
167,246.0,17.697935698969246,-34.59965649803848,20.640741921530083,15.818172379996971,62.4558441227157,158,201.3119918699187,218
168,176.75,15.001502909106808,73.76136727800427,16.846616009505222,13.958591961869303,56.04163056034262,158,202.17963224893919,217
169,255.25,18.02760088846129,-52.488981684295645,25.652227926650784,14.367310665525464,77.87005768508881,158,206.6562193927522,230
170,7.0,2.985410660720923,6.707476308423121,4.572076078688799,2.003618645755832,9.707106781186548,161,193.10714285714286,212
171,70.5,9.474354220939228,69.60880944621927,11.046632421470795,8.556741513470635,33.67766952966369,160,200.17021276595744,220
172,194.75,15.746853696442757,70.19995717806378,19.461596355446535,13.932952910081786,79.76955262170047,158,204.4813863928113,228
173,68.0,9.304852983362556,-77.71035680249828,12.352591354650972,7.203987041843599,36.020815280171306,159,198.71691176470588,220
174,84.75,10.387831891992912,82.40984683104487,11.57189808095368,9.49496621600091,33.849242404917504,158,206.89675516224187,226
175,58.75,8.6488625410045,-70.24117152159927,11.730548811336645,7.018259897001582,33.67766952966369,160,202.93617021276594,222
176,122.0,12.463355264843006,18.652631120481043,15.821100097209433,10.023745698089373,43.50609665440988,160,202.25819672131146,221
177,65.75,9.149617481968136,81.44370545241857,15.43783678521633,5.4907434563973245,35.19238815542512,158,204.7338403041825,221
178,103.0,11.451797811161432,68.04058724898266,11.989323293159769,11.235592888601442,38.14213562373095,160,206.39805825242718,223
179,61.5,8.848967849484623,75.45749537199045,12.097710929746635,6.611821341809357,30.899494936611664,158,202.03252032520325,229
180,196.0,15.797308339337176,-88.39554574438,19.704247623210115,13.159964836164999,56.162950903902264,158,207.19005102040816,228
181,159.0,14.228319915326999,83.17727350379282,15.274348590565314,13.639313827182,51.45584412271571,158,201.16037735849056,218
182,262.0,18.26441241104166,32.17653133100317,20.540664543873387,16.46743496498477,62.698484809835,159,199.37690839694656,225
183,291.0,19.248706645328987,-81.66963824131987,25.16533629296301,15.431853746474369,69.81980515339464,158,205.96735395189003,226
184,144.5,13.564037533648712,58.8944833440624,16.811843064052127,11.297318197563516,51.748737341529164,158,208.90484429065745,228
185,102.5,11.423968370726268,1.1417882887478075,14.312701075169361,10.67825753606886,50.50609665440988,158,202.77560975609757,225
186,15.5,4.442433223290478,49.383911727522324,6.764001724472595,3.2137836799104758,15.778174593052022,160,199.74193548387098,219
187,314.0,19.994929783493642,-22.9030037423742,24.74279426432749,19.017045727342833,97.87615433949867,159,203.84156050955414,229
188,427.0,23.31680264534386,-83.832177412261,27.774216539954438,26.146180873553355,145.94722215136414,158,208.81498829039813,233
189,77.0,9.901487006738307,32.390345370046425,13.322561067097936,7.632351457820823,34.8492424049175,158,205.71428571428572,231
190,66.0,9.166995688475081,-73.78765865446105,10.853957894489021,7.991420316029623,30.556349186104043,159,205.37878787878788,227
191,113.5,12.02134303343187,-42.373436480123246,17.02568847481178,9.394970198841612,47.09188309203678,158,200.91409691629957,224
192,150.75,13.85427231466257,2.021565407767605,18.212176449524065,10.981889247183368,49.62741699796952,160,208.0597014925373,226
193,60.0,8.740387444736633,28.17472883397535,9.792596456307125,8.065705809132686,33.970562748477136,158,202.43333333333334,225
194,65.5,9.13220620552083,57.10665085166096,12.917958090303623,6.81691546088411,33.09188309203678,161,203.46564885496184,223
195,5.75,2.7057581899030048,-90.00003218077504,2.7026556987687047,2.680180001290859,7.414213562373095,158,195.6086956521739,230
196,40.75,7.203090409536582,25.067755701865774,10.919534972022241,5.3418507588057516,29.14213562373095,158,204.77300613496934,225
197,19.0,4.918490759365935,87.89708464050857,7.180585497136322,3.688080029037735,17.65685424949238,162,211.14473684210526,234
198,138.5,13.279445656570912,-81.1181118821158,17.540518736704616,10.880080716111877,48.384776310850235,158,209.5523465703971,232
199,344.25,20.935919212565754,40.692770946614374,25.11111243052013,19.681011742575016,94.59797974644665,158,206.49310094408133,228
200,129.5,12.84073677960901,-51.161303070434585,15.29531361803198,11.038139302607236,43.16295090390226,160,207.12355212355212,227
201,306.75,19.762748552453708,-75.61561264977809,20.14226459106045,19.771547814987528,79.30508652763321,159,202.91931540342298,222
202,6.25,2.8209479177387813,-69.10103499970626,3.3014881678404193,2.3905179099119325,8.121320343559642,181,205.16,219
203,9.0,3.385137501286538,-56.47904793928723,3.7405201280500666,3.106026088193916,10.121320343559642,169,203.13888888888889,228
204,62.5,8.920620580763856,67.4152616770137,10.423307570280052,7.837671292886847,29.899494936611667,159,205.88,224
205,203.5,16.096715421277896,42.71512539325071,17.012749001608704,15.672910698937216,60.04163056034262,158,206.97542997543,226
206,50.5,8.018640596081465,-89.18600858104304,9.992823732096959,6.581117267127854,26.77817459305202,159,207.91584158415841,224
207,122.25,12.476118560829471,-73.86873435183867,16.719857368484906,9.706437568148774,45.384776310850235,160,208.7034764826176,225
208,32.25,6.407961869245868,-42.498971092285664,11.174351954652401,3.823886805528412,24.849242404917497,158,200.42635658914728,225
209,204.5,16.13621662281282,-59.6759541580156,20.011273227583548,13.906340757625005,68.06244584051393,158,203.91320293398533,227
210,79.0,10.02925341359355,-46.35756852303,12.201931951879306,8.469272890164635,34.14213562373095,158,202.5379746835443,218
211,127.25,12.728697186576065,34.677687885059754,16.814643767983753,10.089122970466528,47.45584412271571,159,204.03536345776033,227
212,6.0,2.763953195770684,-18.434955414599134,3.162277660168379,2.457980200625438,8.121320343559642,158,200.54166666666666,220
213,75.25,9.788323438736636,68.43661687572306,13.489297518348021,7.999973835692642,40.26345596729059,158,205.1328903654485,230
214,22.5,5.352372348458314,82.444608610968,6.65303644365657,4.36238918629584,17.071067811865476,159,200.24444444444444,221
215,81.75,10.202319970580199,-57.86643611533242,12.138919341327997,8.703196432572414,34.435028842544405,158,203.44036697247705,220
216,249.75,17.83231830967603,30.894850739075036,22.37458187357512,15.457050400466521,66.74873734152916,159,204.33933933933935,224
217,56.0,8.444016491289505,-34.28076976511745,12.65424184775237,6.069927124719785,31.263455967290597,162,208.24107142857142,225
218,113.25,12.008096370418468,-42.893366540968124,15.03090196926728,9.840262871127821,42.62741699796952,158,203.35099337748343,224
219,299.75,19.535955403674656,-70.56122522579314,20.909000266286746,18.927498504316745,66.94112549695429,158,206.37531276063388,224
220,232.75,17.214717657780774,-43.51709113396594,19.896648623144184,15.330314211544765,58.45584412271571,159,205.67132116004296,226
221,4.5,2.393653682408596,-0.0,2.6666666666666665,2.1081851067789197,6.414213562373095,170,197.88888888888889,228
222,79.25,10.045109950630787,-82.8688293930093,11.596644136978759,8.783303536958897,33.435028842544405,158,210.7981072555205,229
223,4.5,2.393653682408596,66.89058630010258,2.7712967309465366,1.9966424556519138,6.414213562373095,158,198.11111111111111,219
224,5.5,2.6462837142006137,-90.00003218077504,3.2333489534143163,2.135880022631042,7.414213562373095,165,205.5909090909091,240
225,124.5,12.590406002966217,-49.93937376614111,13.79929947668899,11.778313557283079,42.92031021678297,158,202.17871485943775,224
226,319.25,20.16139193252045,-79.45627504874408,21.257922336543135,21.062234439926712,95.42640687119285,158,211.87235708692248,237
227,3.75,2.1850968611841584,45.00001609038752,2.3094010767585034,2.0132891827388666,5.707106781186548,173,196.0,225
228,39.25,7.069275219628611,22.430301244019912,8.677584201522382,5.958048992182975,23.727922061357855,159,200.71974522292993,220
229,35.25,6.699380116989518,87.10224307573522,7.955807137637677,5.768581508282243,22.363961030678926,158,206.25531914893617,225
230,127.0,12.716187407449045,-46.7996378322532,19.584205748407182,9.285972390915836,53.67766952966369,158,206.20669291338584,230
231,15.5,4.442433223290478,2.456313890824158,5.451180043610034,4.052405835059322,14.949747468305832,158,203.24193548387098,232
232,84.0,10.341765891652821,33.39227665521855,12.494205271861029,8.898653869566997,40.902543263816604,158,206.09821428571428,226
233,39.75,7.1141599576634995,6.909366894995786,8.749449235800713,5.976243124711373,23.65685424949238,162,202.49056603773585,219
234,27.5,5.917270272703197,-73.31984083043709,7.330469294220496,4.899359555974828,19.535533905932738,159,205.38181818181818,221
235,240.5,17.498974555922032,69.3144154661117,30.093763032396,11.655086739311546,83.698484809835,160,212.36902286902287,229
236,14.25,4.259537945889915,-31.90580373611214,5.7553504161573965,3.561875961097549,15.778174593052022,162,201.19298245614036,228
237,7.5,3.0901936161855166,58.34155334792581,3.295534123753181,2.9884052520181172,9.121320343559642,162,205.23333333333332,238
238,74.0,9.706684619910241,72.12870030781848,10.672759635957753,9.238931810192792,33.435028842544405,158,203.6858108108108,221
239,23.25,5.440847306724618,-14.91004161403159,6.231439793700837,4.886881460001533,17.414213562373096,163,210.247311827957,225
240,11.0,3.742410318509555,30.206682057463574,4.385928344862305,3.368730220355298,11.535533905932738,161,205.5681818181818,234
241,155.25,14.05953197372281,-58.331149646320505,16.863200597330305,11.904717789463467,51.45584412271571,159,202.9452495974235,224
242,165.0,14.494292838262302,47.02863491541586,17.301880486661233,12.648759291208204,50.577164466275356,158,211.20151515151514,232
243,44.0,7.48482063701911,18.499310952596364,8.258130397002077,7.044012118549738,24.606601717798213,158,199.78977272727272,221
244,92.75,10.86705883733894,36.110367384055266,11.972188886970288,10.114344101285203,36.4350288425444,158,202.62264150943398,224
245,246.0,17.697935698969246,66.1688472343144,20.879479741622507,15.836817568158,78.47665940288702,158,203.8038617886179,224
246,132.0,12.964089628857149,18.18775669813138,13.2652234782734,12.756794053889708,42.50609665440987,159,212.31439393939394,235
247,11.25,3.7846987830302403,-65.63663034446951,5.073706731330164,2.90214373800815,12.242640687119284,159,206.46666666666667,230
248,29.25,6.102643417692329,-27.862904163015916,8.709592726205152,4.42270696919157,21.192388155425117,158,203.55555555555554,223
249,70.25,9.45754080179648,-1.3932717058288626,9.839335848656455,9.386781831114652,34.92031021678297,159,206.34875444839858,233
250,2.25,1.692568750643269,45.00001609038752,1.632993161855452,1.632993161855452,4.0,199,212.11111111111111,240
251,144.25,13.552298857686367,56.60150939516312,16.960025221083466,12.427466711218313,52.16295090390226,158,207.68110918544195,229
252,16.25,4.54864184146723,-84.12556637076187,7.200861227048061,3.4095445500095827,18.94974746830583,158,201.90769230769232,228
253,13.25,4.1073621666150775,21.804559604287892,5.580305484334956,3.1067557893303874,13.242640687119284,168,204.0754716981132,225
254,90.5,10.734438914006276,-45.085161109858426,12.81174579166072,9.209459632582645,37.67766952966368,159,206.44751381215468,229
255,113.25,12.008096370418468,21.493273513290962,15.244095550135631,10.403347022758986,43.92031021678297,158,207.39955849889625,228
256,142.75,13.481652161769508,-27.19077516126236,15.912005918616396,11.779055003881284,46.45584412271572,161,204.80385288966724,226
257,88.75,10.630146264057032,37.202036391144595,12.722977284267458,9.082949150512222,36.55634918610404,158,206.55774647887324,227
258,12.75,4.029119531035698,13.37875035633065,5.61050729743777